,City,Lat,Lng,Max Temp,Humidity,Cloudiness,Wind Speed,Country,Date
0,mahebourg,-44.17913751619223,82.51393948677145,78.8,61,40,11.41,MU,1602999113
1,carnarvon,-23.92963028678463,94.86133845180939,77,65,90,20.8,AU,1602999113
2,punta arenas,-85.06338900364076,-103.11509404076405,41,86,72,8.05,CL,1602999113
3,nizwa,22.076829519994988,56.13537968680984,88.34,9,16,1.03,OM,1602999114
5,viedma,-43.82350749936855,-61.26247866885406,75.6,30,0,14.52,AR,1602998818
7,tabou,0.6517867450073282,-6.042789872668379,75.99,91,63,6.35,CI,1602999114
8,moose factory,53.48028574071253,-78.60421079683823,33.8,86,90,6.93,CA,1602999115
9,chokurdakh,79.49174748888498,146.97397450615864,22.55,98,98,6.38,RU,1602999115
10,ushuaia,-66.40840127612115,-33.032935822542385,41,86,75,5.82,AR,1602999115
11,manteca,37.745328456001985,-121.23988933929286,72.43,52,1,3.36,US,1602999090
12,upernavik,74.84144735092025,-58.88412075713748,35.35,91,100,20.8,GL,1602999115
13,floro,61.56929310488309,3.052147058530835,42.8,65,27,11.41,NO,1602999116
14,agadez,16.908635020301745,9.61609775184175,77.95,18,0,3.91,NE,1602999116
15,pevek,75.28744881691588,166.572552039725,27.55,96,97,17.13,RU,1602999116
16,ayan,55.49644766236898,137.96837502457134,32.02,82,100,11.48,RU,1602999116
17,jamestown,-25.171628351380434,-0.15346559921431435,43.2,56,1,6.93,US,1602999117
18,busselton,-85.95938767392511,76.476517931221,79.21,29,0,4.25,AU,1602999117
19,dukat,64.51785570497066,154.99198320066262,23.61,82,43,5.57,RU,1602999117
20,vaini,-58.142112309700565,-178.19895500739878,73.4,83,40,14.99,TO,1602999118
21,sorong,0.42412624213018546,131.76941513342342,85.05,66,100,12.3,ID,1602999118
22,rosetta,33.490996035265965,30.53655473938167,64.4,93,0,4.99,EG,1602999118
23,sao gabriel da cachoeira,0.3350670422984905,-67.06055127899761,74.19,88,10,1.05,BR,1602999118
24,westport,-39.24650189844168,168.6957427607532,39.31,81,1,4.7,US,1602999064
25,lazaro cardenas,-1.317405070746105,-112.1316241414924,78.58,87,98,3.78,MX,1602999119
26,maumere,-7.00698111663921,121.88756919824908,85.55,64,59,0.83,ID,1602999119
27,east london,-72.30247164844702,51.099407810345014,62.6,82,20,11.41,ZA,1602999119
28,georgetown,-5.746136047270497,-19.805033160816237,88.25,70,20,4.7,MY,1602999119
29,nome,71.4886847984996,-165.9682591370679,35.92,86,90,24.16,US,1602999120
30,ternate,2.4269234816721763,130.31819120857483,80.83,81,100,13.04,ID,1602999120
31,tasiilaq,62.090621176943785,-36.96611458220991,50,27,2,19.46,GL,1602999120
32,dikson,82.33363806424606,84.44076928018796,19.22,93,1,23.87,RU,1602999120
33,tamiahua,21.382561330735044,-96.4433120092036,73,88,34,4.94,MX,1602999121
34,castro,-47.84860634781619,-100.7256501256135,52.72,89,64,11.79,BR,1602999121
35,kibaya,-4.942455251990211,36.912463768240656,70.14,50,0,6.33,TZ,1602999121
36,kodiak,43.26365456574189,-159.2120959443253,42.8,75,90,3.36,US,1602999121
37,sao jose da coroa grande,-11.999739458168591,-27.369237201605245,74.12,81,2,8.21,BR,1602999122
38,vao,-27.26303206253847,168.86147805787402,72.14,66,14,10.56,NC,1602999122
39,nauta,-3.964758102074967,-74.67012112906994,73.11,94,84,2.55,PE,1602999122
40,norman wells,66.97411078381808,-127.15408919986362,1.4,84,5,3.36,CA,1602999122
41,san quintin,22.09516219759712,-127.74352056103174,67.84,85,0,6.26,MX,1602999123
42,hithadhoo,-10.150424226619364,85.90622565683304,83.7,77,82,21.7,MV,1602999123
44,portland,-39.71365636410722,140.28481802848978,55.72,71,90,5.82,US,1602998679
45,atotonilco el grande,20.253644215406325,-98.7207354523414,51.46,91,48,2.24,MX,1602999124
46,lisakovsk,52.68402103440616,61.7790294685951,39.54,66,0,4.12,KZ,1602999124
47,thompson,66.31255700460744,-100.40359070143326,28.4,100,90,2.21,CA,1602999124
48,kahului,24.761240425020517,-155.4228792363482,78.15,66,40,3.36,US,1602998939
49,zaranj,31.3949623532979,62.236831834133426,69.8,19,0,20.8,AF,1602999125
50,tuatapere,-57.57987400353848,157.78118632205258,52,68,96,8.99,NZ,1602999125
52,port alfred,-74.82472759004725,50.91277045285199,65.19,76,72,18.54,ZA,1602999125
53,rikitea,-50.19824756482544,-136.2194063567067,74.88,78,100,20.2,PF,1602999125
54,kavieng,7.504497568348242,155.22351763974729,84.51,74,48,9.06,PG,1602999126
55,cidreira,-47.97713628906875,-27.417570023401083,65.89,79,92,18.12,BR,1602999126
56,nikolskoye,42.899313951865224,172.9836749835627,34.97,94,75,8.95,RU,1602999126
57,bredasdorp,-62.37057914736759,19.039487813913723,57.2,82,100,8.05,ZA,1602999126
59,bengkulu,-10.422142883824279,91.25190917302484,83.35,69,77,4.32,ID,1602999127
60,new norfolk,-69.39738764339936,125.36097912410901,56.1,71,99,1.99,AU,1602999080
61,souillac,-33.937376803492974,62.839186185549096,78.8,61,40,11.41,MU,1602999127
63,paris,34.11107366525761,-95.37709031741105,41.49,93,55,3.36,FR,1602999002
64,chuy,-44.707019210640254,-39.05070728258957,59.02,93,66,7.92,UY,1602999128
65,hermanus,-88.64729483250748,-5.755945914816209,54,95,77,7.45,ZA,1602999128
66,meulaboh,-3.0675651077990693,88.17097348205232,86.5,59,88,4.79,ID,1602999128
67,albany,-43.067354383442016,115.90749541530784,40.26,62,0,3.58,US,1602999102
68,atuona,-12.027382222996067,-134.71517968627285,78.19,77,2,15.48,PF,1602999129
70,ostrovnoy,73.14806206784544,40.85344307865469,34.3,84,1,9.1,RU,1602999129
71,fukue,30.811951957243124,128.00487049384117,71.6,56,20,11.41,JP,1602999129
72,geraldton,50.71514811595716,-88.16634349240769,80.6,44,2,20.8,AU,1602999130
73,airai,6.098343565822788,139.0806194172223,77.11,51,75,2.77,TL,1602999130
74,millbrook,44.11369543261574,-78.46650305522418,54.18,100,1,4.7,US,1602999130
75,camacha,35.74182464050298,-17.279722679791746,69.8,68,20,18.34,PT,1602999130
76,plainfield,39.72005725184857,-86.44738418891407,38.86,75,1,1.41,US,1602998998
77,bijar,35.68810504684521,47.50847036933678,56.97,29,0,3.06,IR,1602999131
78,uspenka,48.25325273838135,39.148042535186846,64.9,72,100,17.13,UA,1602999131
79,xining,33.318760180417556,99.97500194109307,47.21,45,9,3.94,CN,1602999131
80,bambous virieux,-29.714718858625126,84.67273889659475,78.89,61,40,11.41,MU,1602999131
81,hobart,-67.51697743551176,149.03967568654218,59.45,44,75,16.11,AU,1602998965
82,mataura,-41.178400484496784,-146.14252243128178,52,68,85,8.99,NZ,1602999132
83,yellowknife,87.71376315944843,-101.30458267263582,23.27,85,90,8.05,CA,1602998920
84,san juan,22.5013613826346,-66.11835230929759,78.15,32,0,10.07,AR,1602998848
85,lebu,-33.85503523487423,-80.82487521120454,49.21,94,15,1.43,CL,1602999132
86,tuktoyaktuk,87.30563919242115,-135.65525908783803,14,85,5,5.82,CA,1602999133
87,butaritari,9.547712312337964,174.69946596348944,82.17,77,14,18.41,KI,1602999133
88,abu samrah,24.20487660040517,50.88638278427439,70.83,48,0,2.08,SY,1602999133
89,kailua,22.094635044466955,-157.48229212342022,78.24,83,75,4.7,US,1602999133
90,torbay,46.06066238016169,-49.99958825656344,47.82,100,90,16.11,CA,1602999133
91,kavaratti,8.32099139217037,67.11678283920463,81.72,76,38,10.6,IN,1602999134
92,port elizabeth,-77.91763470849858,34.983046445129276,62.6,88,75,17.22,ZA,1602999134
93,hilo,18.684727775211343,-151.60427217341928,74.16,74,1,7.9,US,1602999134
94,bandarbeyla,8.998387342953109,57.99105351335555,85.19,58,0,8.99,SO,1602999134
95,fortuna,39.10769061405895,-143.26553481122357,51.89,93,1,3.49,US,1602999134
96,asau,-10.81615034413882,176.6356447857268,46,80,49,6.13,RO,1602999135
97,gwembe,-16.933630477652542,27.960276673929258,73.56,34,0,8.41,ZM,1602999135
98,baykalsk,51.60566119770658,103.93223326635956,52.68,53,72,0.78,RU,1602999135
99,provideniya,53.385123783688954,-174.40680249986997,35.56,88,51,2.59,RU,1602999136
100,talnakh,68.77524797961723,95.07337910044828,23,85,86,15.66,RU,1602999136
101,georgiyevka,44.24373615110625,74.89619023337542,62.6,27,0,4.47,KZ,1602999136
102,los llanos de aridane,28.580401287675116,-24.635684818154857,67.01,83,75,11.41,ES,1602999136
103,guerrero negro,17.45986783417048,-126.82203606751926,71.2,77,14,8.25,MX,1602999137
104,saint-georges,7.886169509685175,-44.599412453424094,80.6,88,20,5.82,GD,1602999137
105,kudahuvadhoo,3.4035440770224312,66.69590297966957,82.94,77,94,17.02,MV,1602999137
106,ati,14.382470461782361,17.744367656785272,85.93,17,32,5.88,TD,1602999137
107,lorengau,-0.8315720864219998,148.37997763114242,85.14,66,30,8.63,PG,1602999138
108,brodnica,53.38639047917732,19.35831743257262,42.01,90,89,7,PL,1602999138
109,mar del plata,-69.58167949602749,-20.34551698922442,64.96,88,0,10.29,AR,1602998993
110,shingu,27.482444286294694,139.09967853475314,64.4,77,75,2.24,JP,1602999138
111,batetskiy,58.865096576019795,30.42967913495451,33.24,92,100,6.49,RU,1602999138
112,chapada dos guimaraes,-14.802256147430157,-55.57231609907112,87.8,48,52,4.7,BR,1602999139
113,miles city,46.1733129437456,-105.2751265404278,28.4,63,90,6.93,US,1602999139
114,pacifica,36.18967822460755,-126.40422828800587,67.1,35,1,4.03,US,1602999139
115,half moon bay,28.871467567632763,-137.4319949940119,66.52,67,1,1.74,US,1602998847
116,esperance,-50.146303216788596,125.84133513965179,73.4,38,46,8.05,AU,1602999139
117,certegui,5.306335638503654,-76.74387999542557,73.31,96,100,1.39,CO,1602999140
118,jerantut,3.773360570555269,102.7164100374124,92.21,50,100,1.34,MY,1602999140
120,arraial do cabo,-33.729120310561356,-35.35847046546121,69.91,80,53,12.88,BR,1602999140
121,ipora,-16.148997203603813,-51.31927346897379,76.46,60,74,4.38,BR,1602999140
122,avarua,-64.56481438783527,-165.380696529468,73.4,78,91,5.82,CK,1602999141
123,saint george,36.73197431138939,-56.68375490650499,65.05,15,1,8.05,US,1602999141
124,aksu,38.7171477152134,81.66000087558268,64.24,26,0,3.11,CN,1602999141
125,ban nahin,18.29271063052188,104.08121932197605,69.78,90,100,2.06,LA,1602999141
126,cabinda,-6.2085503572298535,9.655064456921451,77.76,82,100,5.3,AO,1602999141
127,mount darwin,-16.445959285732755,32.0964881299013,72.79,44,0,3.6,ZW,1602999142
128,curup,-3.865369737362087,102.77692147965337,79.95,72,77,3.58,ID,1602999142
129,miyako,40.74679746533545,143.57270153668026,60.48,59,81,6.85,JP,1602999142
130,esso,56.402575379612045,159.5854853889051,29.19,93,88,5.68,RU,1602999142
131,puerto ayora,0.027893682420582877,-100.56992184161234,71.01,86,78,3,EC,1602999143
132,olkhovatka,50.41796062067337,39.018107810289564,59.83,85,100,12.26,RU,1602999143
133,priiskovyy,54.463752012409344,88.42761531534597,43.38,60,25,11.34,RU,1602999143
134,victoria,-0.7062820869516315,63.2815530160062,76.84,57,28,8.99,HK,1602999016
135,codrington,18.410168949334846,-58.454465242045615,54.72,73,64,9.66,AU,1602999143
136,trmice,50.63865374871028,13.972252907700238,43.65,96,93,5.75,CZ,1602999144
137,novorzhev,57.40197084285427,29.163607035775726,35.65,84,100,5.57,RU,1602999144
138,ilulissat,75.17384607994387,-49.3899885755894,37.4,86,100,3.36,GL,1602999144
140,khatanga,70.57364221801623,96.61659788182033,9.99,91,29,8.05,RU,1602999145
141,sangmelima,2.7161355723301313,11.797289355561702,68.22,99,100,2.91,CM,1602999145
142,atar,24.66106861201142,-10.236389418466416,84.18,31,11,6.2,MR,1602999145
143,phalombe,-15.421152173533457,35.88587934538978,77.74,37,0,1.19,MW,1602999145
144,fort nelson,62.05815929012499,-120.63468745016809,12.2,85,5,2.24,CA,1602999005
145,patancheru,17.46255450596125,78.26020479394873,79.03,100,40,5.17,IN,1602999146
146,cabo san lucas,19.31340398311808,-109.86373319094187,80.33,87,2,6.69,MX,1602999089
147,haines junction,62.34882051284123,-137.85258896702584,19.85,78,0,0.74,CA,1602999146
149,bethel,56.087675897061104,-160.10952353428712,37.15,100,1,3.36,US,1602999147
150,bundoran,54.40200858052253,-8.231604491016725,45.52,92,41,5.66,IE,1602999147
151,puerto escondido,8.780036662294407,-98.71244190603085,78.3,80,85,5.12,MX,1602999089
152,gunjur,12.129933165321333,-19.553320086366853,77,100,40,7.92,GM,1602999147
153,broken hill,-29.721941132210524,140.86052832690353,64.4,45,0,16.11,AU,1602999148
154,mapiri,-15.06604275885124,-68.05158086057857,64.42,86,27,1.79,BO,1602999148
155,waipawa,-43.92974205364153,179.5569217901654,57.27,77,47,12.75,NZ,1602999148
157,cape town,-58.292671637945105,-15.912826482559666,56.71,87,75,1.12,ZA,1602999148
159,mackay,-20.30024636612913,150.50211629447335,80.76,51,0,13.87,AU,1602999149
160,emerald,-25.007877268957515,144.40693658023565,89.35,21,8,8.05,AU,1602999149
161,pangody,67.42490472128009,75.17329901151533,27.28,93,100,22.53,RU,1602999149
162,isangel,-23.811530448623103,173.86512091481217,78.8,83,75,11.41,VU,1602999150
163,eureka,40.95068831583629,-126.5277395929202,51.89,87,1,3.8,US,1602998868
164,clyde river,68.1930859356037,-78.04043355534884,33.8,86,75,24.16,CA,1602999150
166,bhiwandi,19.39900353744828,73.10412753169038,86,70,75,12.75,IN,1602999150
167,chavakkad,10.542980094415242,76.03806384758678,81.75,73,68,3.69,IN,1602999151
168,valparaiso,-31.896561493904898,-78.19553431657391,50,100,90,2.24,CL,1602999151
169,krasnoselkup,63.952228457056236,83.49350959093022,25.25,97,42,15.75,RU,1602999151
170,beidao,33.81823161177421,105.90969237489622,57.81,38,94,0.89,CN,1602999151
171,poum,-16.982471045886044,164.12327978175796,73.53,74,39,6.76,NC,1602999152
172,barrow,68.13379973564855,-156.8270177782283,19.4,73,1,13.87,US,1602999152
173,annigeri,15.503376951124764,75.4382083456654,78.8,74,40,8.05,IN,1602999152
175,leningradskiy,72.09147410825938,178.28698727420425,22.1,88,0,8.41,RU,1602999152
176,labuhan,-14.61247259615783,99.27280014208094,85.73,57,92,6.31,ID,1602999153
177,trat,11.840650475450019,103.1084659207865,77,100,90,2.26,TH,1602999153
178,hun,28.816020925101498,14.679171006994238,68.43,86,29,6.58,LY,1602999153
179,bluff,-79.11451171764452,166.15759722381142,52,68,67,8.99,NZ,1602999153
180,erzin,46.429206112937635,96.7746971747705,70,84,3,4,TR,1602999153
181,sola,-13.9926171942041,170.1637372296671,79.81,77,32,18.19,VU,1602999154
182,bonthe,3.134567435613178,-17.9626369310501,77.13,88,91,3.53,SL,1602999154
183,warmbad,-28.803544616566647,18.82828071902776,74.12,20,1,1.36,NA,1602999154
184,kapaa,40.215617392401015,-164.4206832011733,73.17,100,40,6.93,US,1602999154
185,palana,58.59858048193672,161.3550141478035,33.82,99,100,19.08,RU,1602999155
186,diego de almagro,-26.86342531409607,-69.30990997099573,55.38,47,0,0.51,CL,1602999155
187,saint-philippe,-71.82170865173948,74.48872188236427,76.23,65,20,5.82,RE,1602999155
189,vikindu,-6.959077853049251,39.353176479184555,73.4,94,20,4.16,TZ,1602999155
191,kruisfontein,-63.73886119552175,26.677590494854428,61,88,100,1.01,ZA,1602999156
192,san cristobal,-6.0715515148755514,-90.92913327677047,65.46,86,90,2.77,VE,1602999156
193,denpasar,-14.005535751122522,115.06515584681767,86,74,40,12.75,ID,1602999069
194,faanui,-6.801824389952387,-158.05203384724206,80.17,78,44,5.93,PF,1602999156
196,campbell river,51.27789355913808,-125.93911914729665,45.75,100,90,3.36,CA,1602999157
197,okha,56.26261719079338,143.885786733577,44.47,62,72,7.65,RU,1602999157
198,bulancak,42.058443034499504,38.40790063955879,69.8,64,7,3.36,TR,1602999157
199,kalianget,-6.362227115349995,115.51248207050531,86.83,54,75,6.02,ID,1602999157
200,acari,-15.578309395167935,-74.34989466685326,63.19,69,61,2.95,PE,1602999158
201,kaitangata,-56.710558228010775,173.6774753913072,52,70,90,1.99,NZ,1602999158
202,byron bay,-27.378359953092698,159.30839837465828,85.41,57,35,17.22,AU,1602999158
203,vila franca do campo,42.4467870734548,-19.704291920680618,60.8,59,20,6.93,PT,1602999158
204,luderitz,-37.559987823834426,-3.0722946145396577,69.44,33,29,17.25,NA,1602999159
206,klaksvik,75.23582736208584,-3.822203512016216,33.8,100,99,4.85,FO,1602999159
207,tiksi,74.7251633120404,132.30635594008027,19.6,95,100,13.76,RU,1602999159
208,teluknaga,-5.125823132696681,106.93076664503957,90,59,40,10.29,ID,1602999160
209,mildura,-33.270549753065204,141.46556456492306,65.59,39,27,10.29,AU,1602999160
210,bilibino,75.99999396777437,165.21837279481434,18.03,93,97,2.77,RU,1602999160
211,hasaki,35.65362950258286,145.53024515710393,65.14,72,75,10.29,JP,1602999160
212,huilong,31.544148434636824,122.87504721577989,72.48,48,73,1.01,CN,1602999161
213,touba,8.370889736742782,-7.843208948828021,69.69,93,96,1.95,CI,1602999161
214,jasper,52.76377736785295,-119.10825937481451,56.73,46,76,1.01,US,1602999161
215,longyearbyen,83.16993386985519,14.920139646713494,24.8,79,20,5.82,SJ,1602999161
216,qaanaaq,84.35157068065368,-80.92801745080489,35.8,83,99,10.27,GL,1602999162
217,sovetskiy,72.67231633540564,66.69444576792216,33.84,82,0,12.24,RU,1602999162
218,nancha,47.49491401702005,129.68031546875864,42.55,55,13,8.61,CN,1602999162
219,tura,67.96091268165634,95.015759710483,82.62,84,53,1.95,IN,1602999162
220,north bend,43.94055534068508,-125.28343176855589,52.48,93,1,6.33,US,1602999162
221,coahuayana,13.978243189892765,-105.54432058005202,78.4,86,99,2.26,MX,1602999163
222,anadyr,65.24564510354926,174.8880803703422,26.6,92,72,4.47,RU,1602999006
223,kabo,7.608345339394276,18.413840630568473,73.31,88,82,3.18,CF,1602999163
224,cortez,37.39592651574728,-109.67133767001528,46.98,35,1,6.93,US,1602999163
225,hervey bay,-24.59882943770215,159.09566937851724,78.22,54,78,16.11,AU,1602999163
226,concarneau,46.190834222009926,-5.069566182327463,43.68,100,75,4.7,FR,1602999164
227,saldanha,-41.444235213496405,-2.628550290967354,51.8,93,68,3.36,ZA,1602999164
228,voloshka,61.579899540857866,39.69398391391323,33.62,92,100,7.02,RU,1602999164
229,kuryk,42.22722614125547,50.332265171491,68.41,25,0,17.9,KZ,1602999164
230,norfolk,42.454362327796474,-98.10427295948399,40.01,72,90,2.75,US,1602999164
231,yarada,15.155500188429357,84.93222511370891,89.6,55,75,4.7,IN,1602999165
232,rovaniemi,66.53260511487872,26.31842214580132,28.4,92,90,21.92,FI,1602999165
233,smithers,57.389501722552694,-125.4729426554459,33.8,74,90,6.93,CA,1602998882
234,coffs harbour,-30.556312735713682,155.91348290863561,73.4,69,75,8.05,AU,1602999165
235,narsaq,82.66411461043737,-64.03652644671119,35.6,80,39,3.85,GL,1602999165
236,soanierana ivongo,-16.41202581183488,49.1244690609054,79.16,60,15,5.3,MG,1602999166
237,sofikon,37.78023899534473,23.044192065228884,63.95,59,20,8.14,GR,1602999166
238,ancud,-40.30495078336189,-80.26106265389745,48.58,93,90,11.41,CL,1602999166
239,port hardy,44.27556224946119,-138.98591898108845,46.4,93,90,14.99,CA,1602999166
240,bafia,4.830325041959938,11.493420003305857,69.82,94,98,1.16,CM,1602999167
241,chara,57.77260704349723,117.41041428977792,21.25,88,98,1.23,RU,1602999167
242,lexington park,38.18547107246442,-76.7897924985642,44.37,100,1,4.85,US,1602999167
243,teya,63.36596896303959,91.78775681074643,43.79,82,100,14.52,RU,1602999167
244,saint-francois,19.964873854151776,-52.70673637544171,38.61,100,20,1.03,FR,1602999167
245,najran,18.90545421019401,45.784478476305765,71.6,28,0,4.99,SA,1602999168
247,ingham,-18.575951211347927,145.9304364675461,52.21,40,90,8.05,US,1602999168
248,alofi,-29.843011428030245,-167.05808936644112,80.6,88,91,11.41,NU,1602999168
249,bereda,13.313678141824894,51.632792084873245,43.2,100,100,1.99,ES,1602999169
250,ust-ishim,58.20503958163496,71.76005682739759,33.33,88,100,14.12,RU,1602999169
251,saquena,-4.920413063206112,-72.68252645439469,72.36,97,66,1.7,PE,1602999169
252,middelburg,-25.2532312576796,29.595628363289194,75.13,35,0,8.84,ZA,1602999169
253,mitsamiouli,-6.965354517967853,44.66543338836439,77,83,20,4.7,KM,1602999169
255,cooma,-35.77599980681398,148.81091448743734,57.2,67,40,11.41,AU,1602999170
256,tetecala,18.720916274132648,-99.44007435707127,64,85,3,2.93,MX,1602999170
257,cherskiy,78.21223770443183,163.99072414467815,21.87,93,15,13.44,RU,1602999170
258,babaeski,41.619033459726154,27.184110665991,60.71,63,12,6.04,TR,1602999170
259,udachnyy,68.46631036186253,112.19994894059647,14,85,0,2.24,RU,1602999171
260,bathsheba,17.41454063708703,-53.31674622210451,78.8,88,20,12.75,BB,1602999171
261,bratsk,56.21150737382021,102.26289087146199,55.4,64,100,8.95,RU,1602999171
262,kieta,-2.7644390443790314,158.1471468267839,83.95,70,100,4.45,PG,1602999171
263,capitao poco,-2.031738816070572,-46.63814224147407,71.65,96,2,4.03,BR,1602999171
264,leh,34.840422556241066,79.58954157145746,48.56,31,0,4.94,IN,1602999172
265,auki,-4.542850299688752,164.60576655956834,83.39,74,52,0.36,SB,1602999172
266,beauvais,49.68881118343839,2.051088476997222,40.78,100,90,2.24,FR,1602999172
267,neuquen,-37.54050425136589,-69.72124339453904,60.8,48,0,10.29,AR,1602999172
268,sao joao da barra,-32.17890345264511,-26.813742176012937,69.13,83,38,6.98,BR,1602999172
270,mopti,15.202493825236658,-4.1206863439750805,84.43,24,0,4.76,ML,1602999173
271,girne,35.78104989029697,33.331184459144254,62.6,77,5,5.82,CY,1602999173
272,gigmoto,16.952169036294663,129.51768830771942,85.39,71,99,8.86,PH,1602999173
273,hyvinkaa,60.56237834650037,24.819328421029297,38.7,93,75,6.93,FI,1602999173
274,kirovskiy,45.95530245323235,48.46040790621868,50.32,55,13,8.21,RU,1602999174
275,wiang sa,8.488657735220954,99.52276011023173,86.4,92,99,9.44,TH,1602999174
276,mollendo,-17.348386056549984,-72.47190040647217,61.52,80,88,5.7,PE,1602999174
277,margaritas,21.942276176598867,-102.4486762436015,61.09,58,84,2.89,MX,1602999174
278,hami,43.797114656895275,93.77656171613717,62.56,25,0,2.48,CN,1602999174
279,santiago del estero,-29.36209428737012,-63.747805368472825,76.86,62,0,8.9,AR,1602999175
280,tuscaloosa,33.02249549769644,-87.75799654718863,55.22,76,1,6.44,US,1602998877
281,carutapera,8.715682950621073,-42.14472237134365,76.77,86,11,5.61,BR,1602999175
282,bucarasica,8.125054500229368,-72.88941626411683,66.33,79,99,2.98,CO,1602999175
283,ossora,62.33417262807819,162.38671842042572,36.9,76,56,12.06,RU,1602999176
284,taltal,-25.38987053628486,-82.33589681677806,56.7,74,14,0.11,CL,1602999176
285,elk point,53.70079594005841,-110.69712615502472,39,52,92,7,US,1602999176
286,sertanopolis,-23.0982537809644,-51.0668960965248,64.4,63,100,10.29,BR,1602999176
287,malinovoye ozero,51.27549597992751,79.68347132051116,43.93,62,100,12.37,RU,1602999176
288,shelburne,38.216754608775034,-65.03705565792096,44.53,70,90,4.7,CA,1602999177
289,severo-kurilsk,39.97407648037131,166.46873400176594,46.72,73,50,9.8,RU,1602999177
290,iqaluit,60.416256493221425,-63.766584126967274,32,95,75,2.24,CA,1602999177
291,saskylakh,79.33648427659259,108.51031407379514,17.28,96,98,4.36,RU,1602999177
292,starobesheve,47.700252659764885,37.89260711256193,63.34,75,100,10.58,UA,1602999178
293,morro bay,32.67831592655922,-125.25540523172168,62.92,95,0,0.81,US,1602999178
294,tiznit,26.776619900724327,-9.534363127186083,60.06,49,11,4.34,MA,1602999178
295,nhulunbuy,-12.461719881924253,136.604675216651,87.8,55,95,12.75,AU,1602999178
296,patos,-7.029528977847605,-37.068823896331594,68.41,83,2,6.24,BR,1602999178
297,lompoc,23.74059974155898,-132.0980620673949,58.14,87,1,5.03,US,1602999179
298,praia da vitoria,45.81671389429144,-23.76057626664945,57.69,72,40,8.97,PT,1602999179
299,naze,24.982762579656097,134.00655500613396,77,83,75,18.34,JP,1602999179
300,shahr-e babak,30.124049677901823,53.970317791023064,63.14,18,0,3.62,IR,1602999180
301,ilam,27.151239094950114,87.79168613853744,76.24,62,15,5.5,NP,1602999180
302,nueve de julio,-36.23325296448726,-61.339740874939125,68,86,0,4,AR,1602999180
303,srednekolymsk,69.155731869725,151.4959181476416,24.76,98,89,9.06,RU,1602999180
304,vilyuysk,61.391070042644884,121.59303641104134,20.26,90,5,4.83,RU,1602999180
305,shubarkuduk,48.406088570678435,56.20154547191024,55.49,54,11,10.98,KZ,1602999181
306,launceston,-40.33634975034323,148.00441694782626,59.31,44,90,6.93,AU,1602999177
307,cayenne,10.856653859236687,-40.91798726571352,75.2,100,34,9.71,GF,1602999006
308,rawson,-44.38522058396672,-63.23947986914193,60.84,34,36,14.27,AR,1602999160
309,monrovia,2.502283715657171,-13.695554658149348,78.06,90,100,6.93,LR,1602999182
310,ejido,8.216139673968357,-70.98568282500455,66.54,63,100,5.03,VE,1602999182
311,mehamn,69.97114390024728,27.9160519949383,37.33,77,88,9.53,NO,1602999182
312,pochutla,13.811921608338821,-95.89421438436658,77,89,25,4.07,MX,1602999182
313,mareeba,-16.870365507360603,141.67396023065896,84.02,51,90,11.41,AU,1602999183
314,rocha,-52.862292618491026,-37.235560493498355,61.36,82,88,9.13,UY,1602999183
315,tighina,46.73422411918125,29.299250709475984,50,100,67,2.24,MD,1602999183
316,brae,67.13971269968849,0.40903770875164014,39.2,67,77,8.05,GB,1602999183
317,hope,34.05080637616162,-93.65339761145404,65.48,72,90,9.17,US,1602998986
318,mayo,63.74148022877523,-131.59528495992373,44.67,100,1,2.35,US,1602999184
319,salalah,11.510093241164569,61.45856120289318,86,35,0,2.24,OM,1602999184
320,onverwacht,5.367892997660022,-55.46246812073082,79,92,73,2.51,SR,1602999184
322,sitka,54.85638331679394,-141.05821924939332,41,60,40,4.7,US,1602999185
323,tocopilla,-21.68176621056567,-73.41211572219791,59.79,58,17,3.09,CL,1602999113
324,xapuri,-10.937350993098889,-68.09563004667226,76.42,64,64,1.86,BR,1602999185
325,umm kaddadah,14.34418370000995,26.31506423461491,85.1,14,98,17.65,SD,1602999185
326,cairns,-15.751667454316191,147.39983104508826,85.28,51,90,11.41,AU,1602998928
328,sur,23.15574159587237,59.85628472822867,86.52,34,0,23.06,OM,1602999186
329,mount pleasant,32.374817258481386,-79.46436993497349,58.28,76,75,4.7,US,1602999186
330,pimentel,-8.120370922073121,-81.4356220445271,61.59,89,46,6.38,PE,1602999186
331,kismayo,-0.2844303683627061,42.20935021310382,81.73,68,44,16.28,SO,1602999186
332,myitkyina,25.058853068703755,97.47167627044473,87.39,60,84,0.78,MM,1602999187
334,esmeraldas,1.8817134866610985,-79.81199647224403,62.6,82,20,13.87,BR,1602999187
335,saint-gabriel,46.296036687793304,-73.35030247916076,38.23,88,1,4.5,CA,1602999187
336,itoman,18.84611343167218,130.49607705315958,82.4,65,20,21.92,JP,1602999188
337,cockburn town,21.534537600191385,-69.03708470556984,83.12,79,87,19.39,TC,1602999188
338,benghazi,32.07098119894631,19.184028858901854,75.22,73,80,14.94,LY,1602999188
339,kifri,34.58360401565575,44.971540637847454,83.28,14,0,0.89,IQ,1602999188
340,ponta do sol,21.00678019587947,-32.142568128728925,66.02,73,40,14.99,PT,1602999188
341,makakilo city,12.960079215879361,-163.01061082226278,78.82,78,90,4.27,US,1602999189
343,lakes entrance,-39.071490662677654,150.24586946049186,61.47,56,10,1.99,AU,1602999189
344,suntar,62.122346514430774,118.77836264028434,27.75,87,0,1.01,RU,1602999189
345,pangoa,-10.286241641423118,-72.4597334625341,65.84,95,91,2.55,PE,1602999190
346,sfantu gheorghe,43.41017020846252,30.13879016213116,38.16,81,61,5.14,RO,1602999050
348,boyolangu,-14.435945742376092,110.47233388943255,84.92,62,41,10.42,ID,1602999190
349,sotouboua,8.245430953354614,1.420042234903832,70.45,95,80,2.44,TG,1602999190
350,liverpool,38.54693777902861,-61.856180958088714,48.58,93,75,4.7,GB,1602999191
352,xuddur,5.534966762290011,45.51389057193401,78.06,71,17,13.29,SO,1602999191
353,tokur,55.73169671997991,131.88342969912077,20.37,93,100,14.99,RU,1602999191
354,kelvington,52.5390191500276,-103.9561816916179,20.23,90,96,13.42,CA,1602999191
355,kitimat,52.665464957476246,-127.69984029382022,42.01,94,100,2.95,CA,1602999192
356,gladstone,-21.867138953142728,153.4391912171073,78.8,50,24,14.99,AU,1602999192
357,ranong,10.57583376306198,97.35081824966232,77,100,75,1.12,TH,1602999192
358,namibe,-12.287378054178788,7.489304819985989,69.17,71,31,4.32,AO,1602999192
359,iguape,-25.024646162520554,-47.51464297951304,65.89,83,81,5.66,BR,1602999192
360,gamba,-6.341998094216294,5.9181161863910745,77.05,86,100,5.19,GA,1602999193
361,champerico,7.463566710194826,-94.77411140036651,64.8,97,100,7.92,GT,1602999193
362,coxim,-18.262830402193586,-55.69461230268615,82.11,52,88,6.93,BR,1602999193
363,tsaratanana,-16.597103455587927,47.915036299950515,80.08,44,61,8.3,MG,1602999193
364,evensk,61.54340819618645,160.79283390355727,35.6,84,100,12.55,RU,1602999193
365,kalmunai,6.223248584960558,86.76756569662018,88.84,51,87,5.19,LK,1602999194
366,roura,4.74144512803224,-51.879975503930126,75.2,100,19,3.6,GF,1602999194
367,yerbogachen,65.92323697701332,106.62207347246277,32.59,92,92,6.33,RU,1602999194
369,sangar,65.23513807989727,129.2311573834396,20.41,95,100,10.4,RU,1602999194
370,mecca,20.37104213622881,41.556811691774016,89.06,11,0,4.79,SA,1602998942
371,carballo,44.31023788555342,-9.520383777201005,51.49,100,91,4.7,ES,1602999195
372,ambilobe,-8.353370338224778,51.28210259354992,88.23,41,0,4.07,MG,1602999195
374,port macquarie,-33.98945582693065,160.12315187328323,69.01,91,100,10.83,AU,1602999196
375,qingyuan,23.54285157799849,113.04684146660117,80.76,47,75,11.18,CN,1602999196
376,oriximina,-0.7532793373491131,-55.92489834926715,76.08,81,15,3.44,BR,1602999196
377,egvekinot,63.875783593608105,-178.36040091599824,25.36,87,8,8.99,RU,1602999196
378,serenje,-12.87704738863684,30.16444262912691,71.65,45,0,8.72,ZM,1602999196
379,pincher creek,49.30431772958505,-113.83625478523555,16.77,92,90,2.24,CA,1602999004
380,west bay,20.207418146532746,-81.63297546978865,82,84,72,5.01,KY,1602999197
381,taonan,45.24842327840071,122.23396432226303,52.97,38,10,9.95,CN,1602999197
382,rosario,-32.96842218964136,-60.90392233735156,73.04,73,3,3.36,AR,1602999197
383,arauco,-36.804125702441716,-74.04119641549771,50,93,46,2.24,CL,1602999197
384,mount isa,-22.922477492867472,137.69232907820037,102.2,13,75,8.05,AU,1602999043
386,iskateley,68.0667503131705,55.22997802648595,30.97,95,10,3.83,RU,1602999198
387,the valley,19.5770847146088,-62.4606252977333,80.2,78,20,6.93,AI,1602999198
388,komsomolskoye,43.398458505302926,46.126172582454444,39.83,70,100,20.67,RU,1602999198
389,maholi,27.639864445307026,80.5632724922267,89.19,27,0,6.42,IN,1602999199
391,san pedro,-24.011566007623614,-64.93648643393053,83.55,79,75,5.82,PH,1602999199
392,dunedin,-54.342152958599534,176.61082109002786,50.65,70,87,4,NZ,1602999078
394,panaba,25.580537674769744,-87.26060884548743,75.56,94,1,5.88,MX,1602999200
395,port hawkesbury,44.76019017299481,-61.32215552730197,46.13,81,1,20.8,CA,1602999200
396,pasighat,32.66436205270324,96.24645836758327,86.99,59,1,4.05,IN,1602999200
397,yulara,-24.786136778356152,125.33193192299518,91.4,26,60,10.29,AU,1602999200
398,sydney,-33.96366947279536,150.99232963785357,68.97,77,75,20.8,AU,1602999003
399,saint anthony,54.40669932910737,-54.91811301168343,36.07,69,1,9.17,US,1602999201
400,northam,-28.863266825113,117.95143682097398,47.34,93,73,7.58,GB,1602999201
401,balikpapan,-0.7484621044413728,115.68332112051547,86,74,40,8.05,ID,1602999201
402,vostok,52.86940312872892,149.4528020184565,36.5,82,97,11.39,RU,1602999201
403,adrar,27.98887528884505,-4.759695062735062,81.68,28,0,8.48,MR,1602999201
404,te anau,-44.93426567550173,162.70539605101771,54,73,95,2.98,NZ,1602999202
405,vila velha,-22.612244524526616,-35.352809102016295,68,94,75,3.36,BR,1602999202
406,veraval,15.267238151344827,66.12174557877876,86.05,74,37,15.88,IN,1602999202
407,samagaltay,50.485389577388105,94.79108355147025,43.27,55,70,7.2,RU,1602999202
408,farias brito,-6.790679562286698,-39.520531403349764,67.86,76,29,3.47,BR,1602999203
409,markova,59.28783451249467,106.43859835996767,46.2,81,75,8.95,UA,1602999203
410,salekhard,64.86403371701445,66.99074819734375,28.36,93,99,18.41,RU,1602999203
411,harper,-1.0192653402835106,-7.117302478737685,76.1,90,57,6.67,LR,1602999203
412,talas,42.687293388248776,71.91879581425283,44.6,70,0,1.52,TR,1602999203
413,nadym,63.81377474185902,70.62895030910025,27.12,92,100,22.79,RU,1602999204
415,ribeira grande,34.61552062330463,-38.207067885278974,61.77,57,51,11.07,PT,1602999204
416,port lincoln,-42.20579293012811,129.66647351966344,57.09,59,14,11.03,AU,1602999204
417,dali,26.87835263591259,99.5185683989368,61.61,83,98,4.34,CN,1602999204
419,nanortalik,59.675136471738426,-40.23155660881312,40.12,80,83,6.76,GL,1602999205
420,kansanshi,-11.906103205351101,26.80740036797198,69.46,50,15,9.78,ZM,1602999205
421,touros,-1.5154211077860964,-32.37633250923258,71.6,88,20,2.24,BR,1602999205
423,chapais,52.90951557391759,-72.82967816460354,32,99,1,4.7,CA,1602999206
424,kemijarvi,67.50776385123632,28.401073232499073,29.01,98,100,15.82,FI,1602999206
425,buraydah,23.829983631706924,43.230878996420074,64.4,34,0,1.43,SA,1602999206
426,fort frances,48.55685407790665,-93.07142217801976,24.91,73,40,4.7,CA,1602999206
427,tautira,-15.932909571893106,-143.91310046560272,78.4,78,75,10.29,PF,1602999206
428,dargaville,-36.51581862403687,173.7032817399234,58.5,80,71,7.38,NZ,1602999207
429,oga,40.81753324651831,138.12816946546587,30.56,100,10,1.12,IT,1602999207
430,rock island,41.50802815608452,-90.59566041077633,59.49,42,75,14.99,US,1602999207
431,beringovskiy,58.74696328896164,176.04117236718025,36.21,80,100,6.31,RU,1602999207
432,quesnel,52.66003935341382,-123.74355761697531,32,88,90,2.24,CA,1602999004
433,igrim,63.307230190820206,64.8759467581524,33.64,83,31,12.28,RU,1602999208
434,tateyama,27.322213263506185,142.29816811661607,65.17,72,75,13.87,JP,1602999208
435,coquimbo,-30.036535848895625,-74.17056972089559,51.8,93,90,3.36,CL,1602999208
436,quatre cocos,-17.842074825680214,63.42795423308712,78.91,61,40,11.41,MU,1602999208
437,grants,34.529643130488836,-107.69542267261644,53.6,13,1,13.87,US,1602999183
438,honiara,-10.836347681806615,158.68849716951365,84.2,79,75,3.36,SB,1602999209
439,tessalit,23.794421638221124,3.7676854938123654,77.18,21,0,10.33,ML,1602999209
440,bonavista,49.694104043550226,-53.13377861103433,48,85,100,5.99,CA,1602999209
441,kutum,12.478361653317364,25.21914741953009,77.94,18,43,13,SD,1602999209
443,aldan,58.906883164612935,124.55225528977633,19.15,91,100,5.48,RU,1602999210
444,beira,-20.79351570224358,33.86728285206533,71.6,88,90,5.82,MZ,1602999210
445,christchurch,-46.12612869689153,174.79423458099552,55.89,76,100,9.17,NZ,1602998958
446,pasni,24.502624931395857,63.919604503838656,86.11,25,0,26.15,PK,1602999210
447,kaniama,-7.4797314242730835,25.149330502842417,72.95,80,0,4.27,CD,1602999210
448,jumla,32.96288507934585,83.18074268873079,73.6,21,32,5.95,NP,1602999211
449,chaoyang,41.54648648133565,120.19940193691701,63.36,26,0,4.63,CN,1602999211
450,aripuana,-8.540099062126174,-60.140847934627416,72.7,84,44,0.54,BR,1602999211
451,avera,-27.661118513664682,-152.7686299390368,50.7,87,1,5.82,US,1602999211
452,manacapuru,-2.093815002763094,-61.5544138007472,78.8,78,55,3.36,BR,1602999211
453,flinders,-29.924074419438845,132.214362525882,63.16,86,83,4,AU,1602999212
454,selikhino,50.797445204983916,137.73989570500828,38.01,69,61,4,RU,1602999212
455,jishou,28.612766396226093,109.15065411391993,59.68,72,93,4.25,CN,1602999212
456,belgrade,45.56425531315293,-111.79152124743456,41.97,100,8,5.82,RS,1602999112
457,kamenka,69.27743971013234,43.88030473944846,61.72,58,91,21.77,RU,1602999212
458,maxixe,-23.29232330374225,34.910784929972834,73.4,73,40,13.87,MZ,1602999213
459,rawlins,41.917515193411674,-107.40119812223007,49.08,31,1,24.16,US,1602999213
460,sibu,5.2630001087517115,110.59386022715967,91.15,59,40,6.93,MY,1602999213
461,laguna,-32.96609905506643,-44.70097694684745,69.39,43,1,3.36,US,1602999073
462,wloszczowa,50.87322606047317,19.759989923627217,39.67,99,76,3,PL,1602999214
463,muroto,30.304785540132087,135.8081588533866,69.8,60,75,4.7,JP,1602999214
464,port hedland,-21.96388668797418,120.55639066105613,84.2,45,0,21.92,AU,1602999214
465,hualmay,-20.949004678195166,-95.53335097738055,61.25,87,32,7.09,PE,1602999214
466,chicama,-12.066183545098696,-86.27016773303517,62.8,83,22,2.21,PE,1602999214
467,ixtapa,14.19061504079049,-103.55588517919486,84.2,79,20,2.48,MX,1602999214
468,tubuala,10.611287545688668,-78.6735945125369,78.8,88,40,6.93,PA,1602999215
469,la grande,45.76185999032546,-117.65393627098209,52.32,37,75,3.36,US,1602999215
470,ahipara,-34.44684167687664,162.87855724089314,58.55,80,44,6.85,NZ,1602999215
471,ndioum,17.359422223280433,-14.205380960567823,87.87,27,3,6.33,SN,1602999215
472,puerto narino,-3.5151614929506394,-71.24220985511873,75.2,100,75,4.7,CO,1602999216
474,presidencia roque saenz pena,-27.01183036035613,-62.1155314915806,69.3,95,17,5.75,AR,1602999216
475,puri,18.518330935856255,86.97189056520313,87.8,74,40,5.82,IN,1602999216
476,abbeville,29.907303364248264,-92.39222170197826,46.49,77,80,2.46,FR,1602999216
477,lavrentiya,79.49009319649096,-169.85703325366347,36.28,87,86,4.92,RU,1602999216
478,sabha,25.20079540310384,18.67422559265782,73.42,21,15,7.45,LY,1602999217
479,silifke,36.236319612813915,34.18950020846572,78.3,48,6,5.57,TR,1602999217
481,caningay,9.706484369953998,122.75435364710785,82.47,77,47,5.39,PH,1602999217
482,ulaanbaatar,47.427654599090175,107.10167926089952,46.4,28,79,6.71,MN,1602999217
483,kapit,-0.20208527250144925,113.19038950409902,89.4,64,95,2.98,MY,1602999218
484,mae hong son,19.716014825045505,98.05573586606022,87.8,62,40,4.7,TH,1602999218
485,ohara,33.76508145358672,142.45388596666447,65.05,72,75,10.29,JP,1602999218
486,praia,13.595347318782387,-23.26391646969401,75.2,94,20,6.93,CV,1602999218
487,kristiansund,63.88414216863731,7.408750558583762,41,66,94,29.97,NO,1602999219
488,berlevag,88.6663777747799,33.547499088815414,37.8,74,90,9.84,NO,1602999219
489,pesochnoye,58.061180629149106,39.19277752852096,34.88,94,100,11.07,RU,1602999219
490,dhidhdhoo,7.56798571959672,69.14825703828186,82.47,77,100,14.16,MV,1602999219
491,ankara,39.93332303754096,32.400055569402866,61.14,47,75,3.33,TR,1602999219
492,chamba,33.300370070195214,76.69233058978455,79.03,22,0,7.02,IN,1602999220
493,usoke,-4.978722599411938,32.36493892482207,66.2,72,20,11.41,TZ,1602999220
494,itarema,0.3401902782151751,-38.46175169485667,79.77,74,99,16.62,BR,1602999220
495,komsomolskiy,66.01425987915994,171.16384126186801,64.4,36,0,2.24,UZ,1602999220
496,bambanglipuro,-16.086721668953587,107.67078912308898,83.62,65,60,13.22,ID,1602999220
497,umm lajj,25.63332120168924,37.2365383684911,90.63,30,0,4.16,SA,1602999221
498,almaznyy,65.19772504345596,115.16839968843709,60.8,63,40,4.47,RU,1602999221
499,coos bay,42.222146635710374,-125.62801020366238,51.33,93,1,5.41,US,1602999130
500,caraballeda,11.212244152373486,-66.93524703847142,73.76,83,75,2.24,VE,1602999221
501,fairbanks,70.00259142012533,-142.43412433377046,20.88,61,75,2.3,US,1602999221
502,moindou,-23.517172241112704,164.50556059974485,78.8,54,27,16.11,NC,1602999221
503,golyshmanovo,56.323906542004835,68.44347535231742,35.46,82,53,17.52,RU,1602999222
504,nouadhibou,20.359791143936718,-20.506001643825442,75.2,60,0,13.87,MR,1602999222
505,cozumel,19.992308067644856,-86.59739152871842,80.01,87,5,3,MX,1602999116
506,kathu,-27.072994880534594,22.304699117705525,83.3,78,75,12.75,TH,1602999222
507,kropotkin,59.7919114472497,117.09467256252213,64,51,86,5.06,RU,1602999025
508,alice springs,-20.34043712162611,134.09148542500583,87.8,33,21,9.17,AU,1602999223
509,verkh-suetka,53.429216626436585,80.35151813829879,41.16,63,62,17.07,RU,1602999223
510,qandala,12.431209604701863,49.794977541215616,86.11,44,0,6.53,SO,1602999223
511,sao filipe,8.766504998691559,-32.40041672263044,79.02,83,47,0.85,CV,1602999223
512,siddapur,14.26017509947566,74.68269049002501,80.82,71,29,3.74,IN,1602999223
513,robertsport,2.0387751148287663,-14.758019813615078,78.13,88,99,5.61,LR,1602999224
514,sibolga,-4.014954437461981,91.41199389302653,86.22,57,94,4.92,ID,1602999224
515,sayyan,15.799856984004265,46.31127581673482,58.64,32,0,6.91,YE,1602999224
516,goundi,9.121593719664276,17.016912717367262,74.8,79,82,3.47,TD,1602999224
517,mount gambier,-58.42144542119347,127.48238640810717,57.2,62,90,11.41,AU,1602998960
518,muros,46.08839515674998,-14.651424920749292,54.73,89,100,1.99,ES,1602999225
519,faya,22.03919392007937,21.971129494284185,60.8,23,0,6.93,SA,1602999225
520,arroio grande,-32.30474367886791,-52.713894908928324,58.37,94,100,5.97,BR,1602999225
521,san patricio,11.151143124555034,-111.12533516942052,76.03,88,20,10.29,US,1602999225
522,vestmannaeyjar,56.31629538114012,-19.18875859480366,46.65,80,100,25.12,IS,1602999225
523,luwuk,-0.9807047933251738,124.95781014515319,82.38,76,89,1.25,ID,1602999226
524,fomboni,-12.33923178486718,43.27362097649615,78.82,78,12,13.18,KM,1602999226
525,oranjemund,-31.80452019084288,11.390165946980204,59.47,81,0,11.74,NA,1602999226
526,manzhouli,47.31834478332155,117.42936600112557,46.65,50,28,16.17,CN,1602999226
528,taoudenni,21.020719504308786,-6.117116325483778,77.22,23,0,5.57,ML,1602999227
529,husavik,77.037036812277,-7.8013963517568925,46.4,61,75,9.17,IS,1602999227
530,eisiskes,54.00061115692989,24.770382825362134,37.17,86,75,5.82,LT,1602999227
531,alenquer,-1.56912044838829,-55.06726983920362,80.6,88,12,4.7,BR,1602999227
532,manaus,-0.8043949927064773,-59.772071145849736,78.8,83,64,2.24,BR,1602998999
533,olafsvik,55.618485191265364,-31.026506683591663,45.37,82,97,23.15,IS,1602999228
534,shwebo,23.069365441862317,95.61355966689058,90.88,52,86,2.64,MM,1602999228
535,sinnamary,19.612205724791963,-43.68137468101665,80.11,84,66,10.45,GF,1602999228
536,along,31.0337173514193,94.34965930509156,90.32,44,2,2.19,IN,1602999228
537,fuyu,47.420051359501684,124.89976171080292,50.07,43,29,8.48,CN,1602999228
538,kushima,29.618072742244138,131.35298175752428,70.52,64,75,11.41,JP,1602999229
539,mpanda,-6.3782269285729285,31.369156141292365,78.69,38,55,7.87,TZ,1602999229
540,raha,26.039697042660677,92.40791351479021,86.61,74,30,2.06,IN,1602999229
541,urgut,39.46476497011906,67.20565244860094,64.62,27,0,3.87,UZ,1602999229
542,karaton,46.07426746390948,52.44444100581208,89.96,59,40,10.29,ID,1602999229
543,deoband,29.628760511561097,77.7964085962164,87.12,28,0,5.35,IN,1602999230
544,tokmak,43.01007099275225,75.22275153044234,60.71,75,47,7.63,UA,1602999230
545,moses lake,47.21079836798839,-118.50058253408571,53.83,50,75,9.17,US,1602999230
546,saint-pierre,43.00416659778415,-55.10426990229928,76.86,65,1,5.82,RE,1602999230
548,huanren,40.83724609456476,125.29924104108414,58.41,35,0,5.82,CN,1602999231
549,piacabucu,-13.999122730253703,-32.33314416512866,73.36,81,5,5.57,BR,1602999231
550,pacific grove,29.19561314142007,-130.45532419341328,61.29,72,1,4.7,US,1602999106
552,witu,-2.5222537081108385,40.17514369547621,82.4,69,75,10.29,KE,1602999232
553,matagami,52.05306109136299,-76.73494665468115,32,92,90,8.05,CA,1602999150
554,berdigestyakh,61.207727902173446,124.17076860497912,19.63,93,100,7.11,RU,1602999232
555,tamworth,-30.65723629054829,150.7014361706672,46.8,93,90,2.24,GB,1602999000
556,unai,-16.492855339798012,-46.625575306222714,71.51,81,85,1.7,BR,1602999232
557,horta,37.15565757814613,-27.914364883622085,61.07,58,40,10.27,PT,1602999233
558,cristalina,-17.134012625533543,-47.527566547244334,64.15,92,88,7.87,BR,1602999233
559,maltahohe,-24.942443550498382,17.191636459798303,77.49,17,1,19.3,NA,1602999233
560,mayor pablo lagerenza,-19.94303989226293,-61.4893115420131,75.04,68,43,3.49,PY,1602999233
561,bemidji,47.44985768927114,-95.67319898037901,26.56,79,1,9.17,US,1602999233
562,pueblo viejo,8.208057102412766,-81.62904501655096,60.01,1,55,4.14,DO,1602999234
563,ponta delgada,34.97108256851163,-27.203261497936012,60.8,59,20,6.93,PT,1602999234
564,kasongo,-4.859364510380203,26.231685201304202,75.15,82,49,2.8,CD,1602999234
566,karratha,-19.491617908594222,114.5040313757579,83.07,36,0,20.62,AU,1602999234
567,bukachacha,54.36740138456386,116.61818248908804,36.59,75,47,6.96,RU,1602999235
568,gat,22.442416730112015,10.485837757810629,71.01,59,0,5.41,IL,1602999185
569,pangnirtung,67.38267614113838,-61.28810584132833,28.08,88,99,6.67,CA,1602999235
570,stabat,3.696176961317448,98.473557012269,89.6,66,75,6.93,ID,1602999235
572,jibuti,10.8310574137043,43.23359827892733,86,70,1,9.75,DJ,1602999236
573,ust-kuyga,69.14630825891018,134.45846259371103,22.3,97,100,5.75,RU,1602999236
574,kununurra,-16.18952785650724,127.56668208080265,98.6,32,35,4.7,AU,1602999236
575,obo,5.055733450120002,26.296338837830973,70.14,94,95,4.65,CF,1602999236
576,padang,-4.8723629304929545,91.9084431356884,86.81,57,83,4.54,ID,1602999217
577,pisco,-22.649252140379218,-93.00944944686061,62.33,82,75,5.82,PE,1602999236
578,vung tau,6.648786674124352,109.6594717683368,82.26,79,99,11.36,VN,1602999237
579,kyra,48.120708928408135,112.06218382057966,49.71,47,85,9.89,RU,1602999237
580,sobreira,41.59070296021821,-7.824051639164878,46.02,94,100,3.83,PT,1602999237
581,banda aceh,3.2967926598210937,88.93070539926629,88.43,55,94,16.04,ID,1602999237
582,magdagachi,53.72465800967677,125.4663850870765,32.5,74,68,6.08,RU,1602999237
583,tommot,59.842866573404905,126.98783549228699,24.26,88,99,6.78,RU,1602999238
584,muzhi,65.83128421639759,64.52416462869556,29.07,94,91,13.98,RU,1602999238
585,uyuni,-19.835593877195194,-68.37592795402595,47.95,56,2,10.29,BO,1602999238
588,tucurui,-4.389176148695569,-50.044666104997475,74.57,89,35,4.5,BR,1602999239
589,huejuquilla el alto,22.6441807170402,-103.8437305697156,59.85,63,11,1.83,MX,1602999239
590,wanning,16.775201083788602,113.96613327036101,78.69,86,99,20,CN,1602999239
591,duku,10.583803252978598,10.50028772160286,74.82,85,3,4.61,NG,1602999239
593,setermoen,68.1348265724194,18.980040544016134,25.56,92,0,5.82,NO,1602999240
594,birao,11.323683612358721,22.153680955136565,77,75,69,2.3,CF,1602999240
595,ust-tsilma,66.09493389385312,50.4251571760187,31.87,97,94,4.88,RU,1602999240
596,ambunti,-4.729416995639269,142.88574033765593,84.24,79,97,4.79,PG,1602999240
598,katsuura,26.233756153470367,150.77887629225353,65.26,61,100,3,JP,1602999241
599,kuito,-12.314777037293268,16.497720606770088,69.08,66,2,0.81,AO,1602999241
600,coihaique,-49.10315473715625,-78.16337541675492,48.2,57,20,6.93,CL,1602999241
601,pokhara,28.72230164114096,84.86694484139093,83.34,51,0,5.66,NP,1602999241
602,pakxan,18.850503184733284,103.29208386730306,70.41,90,100,4.79,LA,1602999241
603,terra rica,-22.766912107198593,-52.563903034981294,66.45,55,86,16.8,BR,1602999127
604,hammerfest,70.48625878419796,23.966071838730386,32,85,89,5.82,NO,1602999242
605,sungaipenuh,-1.8278265586512958,101.28858235571175,79.77,59,81,5.46,ID,1602999242
606,aklavik,75.25473133707516,-138.25134049379272,14,72,20,6.93,CA,1602999242
607,guasdualito,7.338391365496975,-71.24650745054203,73.42,96,100,2.13,VE,1602999242
608,goundam,15.843912688599858,-3.796700639554473,85.1,18,70,7.49,ML,1602999243
609,daru,-12.908616775512996,141.33233515071743,81,77,49,15.01,PG,1602999243
610,quang ngai,16.308449768094675,110.76967715979083,80.89,85,100,6.15,VN,1602999243
612,pedasi,5.837334981136834,-79.45120500352834,80.19,82,100,4.36,PA,1602999243
613,port blair,13.216478166074566,90.20672519870106,80.89,82,100,17.81,IN,1602999244
616,kirakira,-13.056375138272386,159.98215154062734,83.12,75,6,8.08,SB,1602999244
617,antofagasta,-24.210468390283836,-73.65957433816932,59,77,90,3.36,CL,1602998982
618,riyadh,21.581448810699143,46.81692916698583,69.8,30,0,3.22,SA,1602998721
619,bokovskaya,49.39940551461751,41.659763798203585,62.17,57,100,16.87,RU,1602999245
620,icod de los vinos,28.618480332041614,-17.09269559386317,66.27,72,20,2.24,ES,1602999245
621,pula,45.024066214655505,13.997268348548914,50,76,40,3.36,HR,1602999245
622,yanam,13.708204888934048,85.7822783994273,87.8,70,40,5.82,IN,1602999245
623,buin,-6.838821744258752,156.82706410481558,57.94,76,0,5.82,CL,1602999245
624,quelimane,-18.367568551746402,37.08048324372436,66.2,93,20,2.24,MZ,1602999246
625,grand gaube,-17.78667896257322,59.29894026756551,79,61,15,7,MU,1602999246
626,abu zabad,12.322861597187284,30.029258707113286,84.6,23,86,8.9,SD,1602999246
627,comodoro rivadavia,-49.31334350352418,-65.86917391568952,57.2,44,19,19.46,AR,1602999001
628,buzmeyin,38.17230451590825,58.27150706220843,66.2,16,0,2.24,TM,1602999246
629,zapolyarnyy,67.44130736897134,63.67082896176453,26.6,92,0,5.82,RU,1602999247
630,mariel,23.58464153478245,-82.81119374939216,73.2,100,40,1.12,CU,1602999247
631,lagoa,45.11049605912308,-27.76848201282752,61.56,57,64,11.12,PT,1602999247
632,canalete,8.77806798402878,-76.27055174272604,75.6,89,100,6.08,CO,1602999247
633,belyy yar,59.570351752241464,86.47192665778255,59,33,100,17.9,RU,1602999247
634,saint-vallier,46.54937905870611,4.515056036048406,38.84,100,17,0.92,FR,1602999248
635,kalemie,-6.105179584552772,29.17933403089893,79.52,57,43,6.38,CD,1602999248
636,trelew,-42.191039295146396,-67.19031984787811,62.62,30,37,18.59,AR,1602999248
637,mogadishu,1.9986722538710637,45.63403460828752,80.6,69,75,12.01,SO,1602999143
638,burnie,-44.706247179563746,141.41408605070444,58.66,53,57,13,AU,1602999072
639,sirsa,25.310619635093218,82.05149726489196,91.98,12,0,5.82,IN,1602999249
640,martapura,-5.520649496506408,115.70439677805132,87.8,66,40,2.24,ID,1602999249
641,nova granada,-20.332313616835393,-49.310607446127534,72.01,77,1,7.81,BR,1602999249
642,buta,3.267429454913767,24.51307883316096,71.76,97,100,0.54,CD,1602999249
643,santa isabel do rio negro,2.406613441903332,-65.42843846772554,73.22,91,31,2.08,BR,1602999249
644,cabra,13.885518690848443,119.82932334240752,51.01,61,0,4.25,ES,1602999250
645,bombay,18.757022385681864,71.81318084153034,86,70,75,12.75,IN,1602999058
646,dubbo,-31.712650382896214,147.2481816204196,69.8,64,75,10.29,AU,1602999058
647,pontian kecil,0.3771252154051581,103.17976848176647,83.5,83,20,3.36,MY,1602999250
648,melilla,35.54651734705493,-2.47957190923961,57.52,87,20,7.52,ES,1602999250
650,nizhneangarsk,55.06855181856537,109.87326932929386,37.42,92,100,4.12,RU,1602999251
651,khorixas,-20.827790898961638,15.307531108307018,80.4,21,2,6.15,NA,1602999251
653,lasa,32.90997694261185,92.66530430526029,39.88,93,7,8.05,IT,1602999251
654,halifax,42.727178255759156,-62.660270313240616,42.01,91,4,1.01,CA,1602999224
655,xucheng,20.55591844505524,109.83735994061408,77,88,90,20.13,CN,1602999252
656,thetford mines,46.10230803076695,-71.30017675954156,35.01,91,0,1.99,CA,1602999252
657,katobu,-5.8424182577898875,122.0056244896121,88.29,46,56,1.54,ID,1602999252
658,kharan,28.956602320926606,65.25004095507234,71.42,18,0,3.15,PK,1602999247
659,ust-uda,54.916996149717335,103.64365519012034,46.51,58,69,7.11,RU,1602999253
660,marsh harbour,27.79330154795167,-76.1661107786526,81.9,77,100,18.23,BS,1602999253
661,hamilton,29.966184566955633,-64.9432817651813,48.43,45,20,11.41,US,1602999005
662,iberia,-11.42109370437143,-69.22739510188924,65.17,93,1,5.82,US,1602999082
664,chivilcoy,-34.496098792621936,-60.01838992470839,66.99,85,0,5.99,AR,1602999253
665,yenagoa,4.4494455661400565,5.329039376155009,74.23,94,94,1.45,NG,1602999254
666,jalu,23.458463017576065,20.708390709539344,79.75,22,0,13.11,LY,1602999254
667,jerez,22.66227828135436,-103.26583346408268,65.16,96,51,3.65,GT,1602999254
668,cody,44.135962602454185,-109.55650507158754,25.66,79,90,5.82,US,1602999254
669,gazli,40.60247033101652,63.39654791973015,72.37,19,0,5.64,UZ,1602999254
670,havoysund,71.93965058751823,24.133477113304536,32,78,100,5.82,NO,1602999255
671,dudinka,72.31011487816295,86.2279975342883,23,85,81,15.66,RU,1602999255
672,itacarambi,-14.49803887561319,-44.969880167652946,71.69,73,100,6.15,BR,1602999255
673,pyay,18.547530659023423,93.57484026433701,85.73,79,53,4.12,MM,1602999255
674,beisfjord,66.91865820549339,17.535782448653237,28.4,79,26,8.05,NO,1602999255
675,korla,40.72264603409968,89.28231558543717,61.66,28,99,6.64,CN,1602999256
676,ewa beach,12.557442474285466,-161.2542495483323,79,78,90,3.85,US,1602999079
677,kalabo,-14.241357467177352,21.650260996156163,77.14,22,0,9.01,ZM,1602999246
678,constitucion,10.97868844246024,-128.83089015432097,50.16,82,0,8.03,CL,1602999256
679,koran,43.58035065873523,18.526995038397303,42.39,100,90,2.24,BA,1602999256
680,los banos,37.08292283914729,-120.94363763174644,83.95,79,75,5.82,PH,1602999257
681,newtonhill,56.98847419777189,-2.1332974410785823,41.54,87,75,10.29,GB,1602999257
682,uitenhage,-34.068759084009535,25.176296474481745,61.77,88,75,17.22,ZA,1602999257
683,acapulco,15.371578375389646,-99.8566803936363,79.41,81,25,5.86,MX,1602999002
684,saint-augustin,58.20776443988959,-61.85069280264162,58.42,84,88,24.43,CA,1602999257
686,kloulklubed,4.271439121212978,132.11125968036708,80.6,83,90,5.82,PW,1602999258
687,samarai,-12.855392567035267,152.6678701497745,80.96,82,43,11.72,PG,1602999258
688,buarcos,40.778856225447555,-10.617321555665796,56.39,93,20,5.82,PT,1602999258
689,parana,-31.77418158443963,-59.695622319099954,75.27,72,0,5.99,AR,1602999258
690,southbridge,-46.98215436453119,174.47040950998132,36.95,98,7,1.28,US,1602999259
691,estacion coahuila,31.673624071161385,-114.73029607811641,80.13,22,1,4.7,MX,1602999259
692,sikonge,-6.317396837784585,32.8476693361462,66.2,72,20,11.41,TZ,1602999259
693,dandong,39.902189477824066,125.2504098612182,65.88,33,0,6.87,CN,1602999259
694,mersing,2.153128498449732,103.67841641250021,91.4,66,40,5.82,MY,1602999259
695,popondetta,-8.37484542020583,148.082563516714,85.26,65,72,4.63,PG,1602999260
696,kisangani,0.6500714974153965,25.04685363537871,71.73,97,100,2.1,CD,1602999260
697,gurupa,-1.9583688952916134,-51.61729083836079,72.68,96,22,3.2,BR,1602999260
698,perth,-32.0007622343268,116.04925829495772,83.86,30,10,14.99,AU,1602999118
699,haapiti,-18.50825733650325,-150.48043655750752,78.39,78,75,10.29,PF,1602999260
700,kibala,-10.789648046792067,15.55910928176246,73.4,88,75,2.24,TD,1602999261
701,nha trang,12.106777302528258,110.78073018726451,89.6,75,40,11.41,VN,1602999261
702,yataity del norte,-24.853816011617724,-56.25502983818696,71.69,66,71,5.08,PY,1602999261
703,seoul,35.59028808300077,125.31179099792445,67.98,40,75,9.4,KR,1602999154
704,broome,-16.379732891210054,122.92594440059162,37.62,60,1,5.82,US,1602999261
705,kapoeta,5.055806820234778,33.176601425994534,82.35,53,99,15.88,SS,1602999261
706,dzaoudzi,-12.155872077741932,46.35876064251343,75.2,88,75,11.41,YT,1602999262
707,ilhabela,-25.03861005750359,-44.44706560856679,67.75,79,97,7.99,BR,1602999262
708,chilliwack,48.7522019046599,-121.80523451192533,50.29,89,100,2.21,CA,1602999004
709,boende,0.5236782075641742,21.113208145139936,76.15,84,94,1.16,CD,1602999262
710,vardo,74.46609731064356,31.900768761732735,39.29,71,78,12.5,NO,1602999262
